symbol,name,industry,exchange_code,asset_type,data_source, note_1
A,Agilent Technologies Inc,,NYSE,STOCK,YFINANCE,SP500
AAL,American Airlines Group Inc,,NASDAQ,STOCK,YFINANCE,SP500
AAP,Advance Auto Parts Inc,,NYSE,STOCK,YFINANCE,SP500
AAPL,Apple Inc,,NASDAQ,STOCK,YFINANCE,SP500
ABBV,Abbvie Inc,,NYSE,STOCK,YFINANCE,SP500
ABT,Abbott Laboratories,,NYSE,STOCK,YFINANCE,SP500
ACGL,Arch Capital Group Ltd,,NASDAQ,STOCK,YFINANCE,SP500
ACN,Accenture plc - Class A,,NYSE,STOCK,YFINANCE,SP500
ADBE,Adobe Inc,,NASDAQ,STOCK,YFINANCE,SP500
ADI,Analog Devices Inc,,NASDAQ,STOCK,YFINANCE,SP500
ADM,Archer Daniels Midland Company,,NYSE,STOCK,YFINANCE,SP500
ADP,Automatic Data Processing Inc,,NASDAQ,STOCK,YFINANCE,SP500
ADSK,Autodesk Inc,,NASDAQ,STOCK,YFINANCE,SP500
AEE,Ameren Corp,,NYSE,STOCK,YFINANCE,SP500
AEP,American Electric Power Company Inc,,NASDAQ,STOCK,YFINANCE,SP500
AES,AES Corp,,NYSE,STOCK,YFINANCE,SP500
AFL,Aflac Inc,,NYSE,STOCK,YFINANCE,SP500
AIG,American International Group Inc,,NYSE,STOCK,YFINANCE,SP500
AIZ,Assurant Inc,,NYSE,STOCK,YFINANCE,SP500
AJG,Arthur J. Gallagher & Company,,NYSE,STOCK,YFINANCE,SP500
AKAM,Akamai Technologies Inc,,NASDAQ,STOCK,YFINANCE,SP500
ALB,Albemarle Corp,,NYSE,STOCK,YFINANCE,SP500
ALGN,Align Technology Inc,,NASDAQ,STOCK,YFINANCE,SP500
ALK,Alaska Air Group Inc,,NYSE,STOCK,YFINANCE,SP500
ALL,Allstate Corp (The),,NYSE,STOCK,YFINANCE,SP500
ALLE,Allegion plc,,NYSE,STOCK,YFINANCE,SP500
AMAT,Applied Materials Inc,,NASDAQ,STOCK,YFINANCE,SP500
AMCR,Amcor Plc,,NYSE,STOCK,YFINANCE,SP500
AMD,Advanced Micro Devices Inc,,NASDAQ,STOCK,YFINANCE,SP500
AME,Ametek Inc,,NYSE,STOCK,YFINANCE,SP500
AMGN,AMGEN Inc,,NASDAQ,STOCK,YFINANCE,SP500
AMP,Ameriprise Financial Inc,,NYSE,STOCK,YFINANCE,SP500
AMT,American Tower Corp,,NYSE,STOCK,YFINANCE,SP500
AMZN,Amazon.com Inc,,NASDAQ,STOCK,YFINANCE,SP500
ANET,Arista Networks Inc,,NYSE,STOCK,YFINANCE,SP500
ANSS,Ansys Inc,,NASDAQ,STOCK,YFINANCE,SP500
AON,Aon plc. - Class A,,NYSE,STOCK,YFINANCE,SP500
AOS,A.O. Smith Corp,,NYSE,STOCK,YFINANCE,SP500
APA,APA Corporation,,NASDAQ,STOCK,YFINANCE,SP500
APD,Air Products & Chemicals Inc,,NYSE,STOCK,YFINANCE,SP500
APH,Amphenol Corp - Class A,,NYSE,STOCK,YFINANCE,SP500
APTV,Aptiv PLC,,NYSE,STOCK,YFINANCE,SP500
ARE,Alexandria Real Estate Equities Inc,,NYSE,STOCK,YFINANCE,SP500
ATO,Atmos Energy Corp,,NYSE,STOCK,YFINANCE,SP500
AVB,Avalonbay Communities Inc,,NYSE,STOCK,YFINANCE,SP500
AVGO,Broadcom Inc,,NASDAQ,STOCK,YFINANCE,SP500
AVY,Avery Dennison Corp,,NYSE,STOCK,YFINANCE,SP500
AWK,American Water Works Co. Inc,,NYSE,STOCK,YFINANCE,SP500
AXON,Axon Enterprise Inc,,NASDAQ,STOCK,YFINANCE,SP500
AXP,American Express Company,,NYSE,STOCK,YFINANCE,SP500
AZO,Autozone Inc,,NYSE,STOCK,YFINANCE,SP500
BA,Boeing Company,,NYSE,STOCK,YFINANCE,SP500
BAC,Bank Of America Corp,,NYSE,STOCK,YFINANCE,SP500
BALL,Ball Corp,,NYSE,STOCK,YFINANCE,SP500
BAX,Baxter International Inc,,NYSE,STOCK,YFINANCE,SP500
BBWI,Bath & Body Works Inc,,NYSE,STOCK,YFINANCE,SP500
BBY,Best Buy Co. Inc,,NYSE,STOCK,YFINANCE,SP500
BDX,Becton Dickinson & Company,,NYSE,STOCK,YFINANCE,SP500
BEN,Franklin Resources Inc,,NYSE,STOCK,YFINANCE,SP500
BF-B,Brown-Forman Corp - Class B,,NYSE,STOCK,YFINANCE,SP500
BFEB,Innovator U.S. Equity Buffer ETF - February,,BATS,ETF,YFINANCE,SP500
BG,Bunge Global SA,,NYSE,STOCK,YFINANCE,SP500
BIIB,Biogen Inc,,NASDAQ,STOCK,YFINANCE,SP500
BIO,Bio-Rad Laboratories Inc - Class A,,NYSE,STOCK,YFINANCE,SP500
BK,Bank Of New York Mellon Corp,,NYSE,STOCK,YFINANCE,SP500
BKNG,Booking Holdings Inc,,NASDAQ,STOCK,YFINANCE,SP500
BKR,Baker Hughes Co - Class A,,NASDAQ,STOCK,YFINANCE,SP500
BLK,Blackrock Inc,,NYSE,STOCK,YFINANCE,SP500
BMY,Bristol-Myers Squibb Company,,NYSE,STOCK,YFINANCE,SP500
BR,Broadridge Financial Solutions Inc,,NYSE,STOCK,YFINANCE,SP500
BRK-B,Berkshire Hathaway Inc - Class B,,NYSE,STOCK,YFINANCE,SP500
BRO,Brown & Brown Inc,,NYSE,STOCK,YFINANCE,SP500
BSX,Boston Scientific Corp,,NYSE,STOCK,YFINANCE,SP500
BWA,BorgWarner Inc,,NYSE,STOCK,YFINANCE,SP500
BXP,Boston Properties Inc,,NYSE,STOCK,YFINANCE,SP500
C,Citigroup Inc,,NYSE,STOCK,YFINANCE,SP500
CAG,Conagra Brands Inc,,NYSE,STOCK,YFINANCE,SP500
CAH,Cardinal Health Inc,,NYSE,STOCK,YFINANCE,SP500
CARR,Carrier Global Corp,,NYSE,STOCK,YFINANCE,SP500
CAT,Caterpillar Inc,,NYSE,STOCK,YFINANCE,SP500
CB,Chubb Ltd,,NYSE,STOCK,YFINANCE,SP500
CBOE,Cboe Global Markets Inc,,BATS,STOCK,YFINANCE,SP500
CBRE,CBRE Group Inc - Class A,,NYSE,STOCK,YFINANCE,SP500
CCI,Crown Castle Inc,,NYSE,STOCK,YFINANCE,SP500
CCL,Carnival Corp (Paired Stock),,NYSE,STOCK,YFINANCE,SP500
CDAY,Ceridian HCM Holding Inc,,NYSE,STOCK,YFINANCE,SP500
CDNS,Cadence Design Systems Inc,,NASDAQ,STOCK,YFINANCE,SP500
CDW,CDW Corp,,NASDAQ,STOCK,YFINANCE,SP500
CE,Celanese Corp - Series A,,NYSE,STOCK,YFINANCE,SP500
CEG,Constellation Energy Corporation,,NASDAQ,STOCK,YFINANCE,SP500
CF,CF Industries Holdings Inc,,NYSE,STOCK,YFINANCE,SP500
CFG,Citizens Financial Group Inc,,NYSE,STOCK,YFINANCE,SP500
CHD,Church & Dwight Co. Inc,,NYSE,STOCK,YFINANCE,SP500
CHRW,C.H. Robinson Worldwide Inc,,NASDAQ,STOCK,YFINANCE,SP500
CHTR,Charter Communications Inc - Class A,,NASDAQ,STOCK,YFINANCE,SP500
CI,Cigna Group (The),,NYSE,STOCK,YFINANCE,SP500
CINF,Cincinnati Financial Corp,,NASDAQ,STOCK,YFINANCE,SP500
CL,Colgate-Palmolive Company,,NYSE,STOCK,YFINANCE,SP500
CLX,Clorox Company,,NYSE,STOCK,YFINANCE,SP500
CMA,Comerica Inc,,NYSE,STOCK,YFINANCE,SP500
CMCSA,Comcast Corp - Class A,,NASDAQ,STOCK,YFINANCE,SP500
CME,CME Group Inc - Class A,,NASDAQ,STOCK,YFINANCE,SP500
CMG,Chipotle Mexican Grill,,NYSE,STOCK,YFINANCE,SP500
CMI,Cummins Inc,,NYSE,STOCK,YFINANCE,SP500
CMS,CMS Energy Corporation,,NYSE,STOCK,YFINANCE,SP500
CNC,Centene Corp,,NYSE,STOCK,YFINANCE,SP500
CNP,Centerpoint Energy Inc,,NYSE,STOCK,YFINANCE,SP500
COF,Capital One Financial Corp,,NYSE,STOCK,YFINANCE,SP500
COO,Cooper Companies Inc,,NASDAQ,STOCK,YFINANCE,SP500
COP,Conoco Phillips,,NYSE,STOCK,YFINANCE,SP500
COST,Costco Wholesale Corp,,NASDAQ,STOCK,YFINANCE,SP500
CPB,Campbell Soup Company,,NYSE,STOCK,YFINANCE,SP500
CPRT,Copart Inc,,NASDAQ,STOCK,YFINANCE,SP500
CPT,Camden Property Trust,,NYSE,STOCK,YFINANCE,SP500
CRL,Charles River Laboratories International Inc,,NYSE,STOCK,YFINANCE,SP500
CRM,Salesforce Inc,,NYSE,STOCK,YFINANCE,SP500
CSCO,Cisco Systems Inc,,NASDAQ,STOCK,YFINANCE,SP500
CSGP,Costar Group Inc,,NASDAQ,STOCK,YFINANCE,SP500
CSX,CSX Corp,,NASDAQ,STOCK,YFINANCE,SP500
CTAS,Cintas Corporation,,NASDAQ,STOCK,YFINANCE,SP500
CTLT,Catalent Inc,,NYSE,STOCK,YFINANCE,SP500
CTRA,Coterra Energy Inc,,NYSE,STOCK,YFINANCE,SP500
CTSH,Cognizant Technology Solutions Corp - Class A,,NASDAQ,STOCK,YFINANCE,SP500
CTVA,Corteva Inc,,NYSE,STOCK,YFINANCE,SP500
CVS,CVS Health Corp,,NYSE,STOCK,YFINANCE,SP500
CVX,Chevron Corp,,NYSE,STOCK,YFINANCE,SP500
CZR,Caesars Entertainment Inc,,NASDAQ,STOCK,YFINANCE,SP500
D,Dominion Energy Inc,,NYSE,STOCK,YFINANCE,SP500
DAL,Delta Air Lines Inc,,NYSE,STOCK,YFINANCE,SP500
DD,DuPont de Nemours Inc,,NYSE,STOCK,YFINANCE,SP500
DE,Deere & Company,,NYSE,STOCK,YFINANCE,SP500
DFS,Discover Financial Services,,NYSE,STOCK,YFINANCE,SP500
DG,Dollar General Corp,,NYSE,STOCK,YFINANCE,SP500
DGX,Quest Diagnostics Inc,,NYSE,STOCK,YFINANCE,SP500
DHI,D.R. Horton Inc,,NYSE,STOCK,YFINANCE,SP500
DHR,Danaher Corp,,NYSE,STOCK,YFINANCE,SP500
DIS,Walt Disney Co (The),,NYSE,STOCK,YFINANCE,SP500
DISH,Dish Network Corp - Class A,,NASDAQ,STOCK,YFINANCE,SP500
DLR,Digital Realty Trust Inc,,NYSE,STOCK,YFINANCE,SP500
DLTR,Dollar Tree Inc,,NASDAQ,STOCK,YFINANCE,SP500
DOV,Dover Corp,,NYSE,STOCK,YFINANCE,SP500
DOW,Dow Inc,,NYSE,STOCK,YFINANCE,SP500
DPZ,Dominos Pizza Inc,,NYSE,STOCK,YFINANCE,SP500
DRI,Darden Restaurants Inc,,NYSE,STOCK,YFINANCE,SP500
DTE,DTE Energy Company,,NYSE,STOCK,YFINANCE,SP500
DUK,Duke Energy Corp,,NYSE,STOCK,YFINANCE,SP500
DVA,DaVita Inc,,NYSE,STOCK,YFINANCE,SP500
DVN,Devon Energy Corp,,NYSE,STOCK,YFINANCE,SP500
DXC,DXC Technology Company,,NYSE,STOCK,YFINANCE,SP500
DXCM,Dexcom Inc,,NASDAQ,STOCK,YFINANCE,SP500
EA,Electronic Arts Inc,,NASDAQ,STOCK,YFINANCE,SP500
EBAY,EBay Inc,,NASDAQ,STOCK,YFINANCE,SP500
ECL,Ecolab Inc,,NYSE,STOCK,YFINANCE,SP500
ED,Consolidated Edison Inc,,NYSE,STOCK,YFINANCE,SP500
EFX,Equifax Inc,,NYSE,STOCK,YFINANCE,SP500
EIX,Edison International,,NYSE,STOCK,YFINANCE,SP500
EL,Estee Lauder Cos. Inc - Class A,,NYSE,STOCK,YFINANCE,SP500
ELV,Elevance Health Inc,,NYSE,STOCK,YFINANCE,SP500
EMN,Eastman Chemical Company,,NYSE,STOCK,YFINANCE,SP500
EMR,Emerson Electric Company,,NYSE,STOCK,YFINANCE,SP500
ENPH,Enphase Energy Inc,,NASDAQ,STOCK,YFINANCE,SP500
EOG,EOG Resources Inc,,NYSE,STOCK,YFINANCE,SP500
EPAM,EPAM Systems Inc,,NYSE,STOCK,YFINANCE,SP500
EQIX,Equinix Inc,,NASDAQ,STOCK,YFINANCE,SP500
EQR,Equity Residential Properties Trust,,NYSE,STOCK,YFINANCE,SP500
EQT,EQT Corp,,NYSE,STOCK,YFINANCE,SP500
ES,Eversource Energy,,NYSE,STOCK,YFINANCE,SP500
ESS,Essex Property Trust Inc,,NYSE,STOCK,YFINANCE,SP500
ETN,Eaton Corporation plc,,NYSE,STOCK,YFINANCE,SP500
ETR,Entergy Corp,,NYSE,STOCK,YFINANCE,SP500
ETSY,Etsy Inc,,NASDAQ,STOCK,YFINANCE,SP500
EVRG,Evergy Inc,,NASDAQ,STOCK,YFINANCE,SP500
EW,Edwards Lifesciences Corp,,NYSE,STOCK,YFINANCE,SP500
EXC,Exelon Corp,,NASDAQ,STOCK,YFINANCE,SP500
EXPD,Expeditors International Of Washington Inc,,NASDAQ,STOCK,YFINANCE,SP500
EXPE,Expedia Group Inc,,NASDAQ,STOCK,YFINANCE,SP500
EXR,Extra Space Storage Inc,,NYSE,STOCK,YFINANCE,SP500
F,Ford Motor Company,,NYSE,STOCK,YFINANCE,SP500
FANG,Diamondback Energy Inc,,NASDAQ,STOCK,YFINANCE,SP500
FAST,Fastenal Company,,NASDAQ,STOCK,YFINANCE,SP500
FCX,Freeport-McMoRan Inc,,NYSE,STOCK,YFINANCE,SP500
FDS,Factset Research Systems Inc,,NYSE,STOCK,YFINANCE,SP500
FDX,Fedex Corp,,NYSE,STOCK,YFINANCE,SP500
FE,Firstenergy Corp,,NYSE,STOCK,YFINANCE,SP500
FFIV,F5 Inc,,NASDAQ,STOCK,YFINANCE,SP500
FI,Fiserv Inc,,NYSE,STOCK,YFINANCE,SP500
FICO,Fair Isaac Corp,,NYSE,STOCK,YFINANCE,SP500
FIS,Fidelity National Information Services Inc,,NYSE,STOCK,YFINANCE,SP500
FITB,Fifth Third Bancorp,,NASDAQ,STOCK,YFINANCE,SP500
FLT,Fleetcor Technologies Inc,,NYSE,STOCK,YFINANCE,SP500
FMC,FMC Corp,,NYSE,STOCK,YFINANCE,SP500
FOX,Fox Corporation - Class B,,NASDAQ,STOCK,YFINANCE,SP500
FOXA,Fox Corporation - Class A,,NASDAQ,STOCK,YFINANCE,SP500
FRT,Federal Realty Investment Trust.,,NYSE,STOCK,YFINANCE,SP500
FSLR,First Solar Inc,,NASDAQ,STOCK,YFINANCE,SP500
FTNT,Fortinet Inc,,NASDAQ,STOCK,YFINANCE,SP500
FTV,Fortive Corp,,NYSE,STOCK,YFINANCE,SP500
GD,General Dynamics Corp,,NYSE,STOCK,YFINANCE,SP500
GE,General Electric Company,,NYSE,STOCK,YFINANCE,SP500
GEHC,GE HealthCare Technologies Inc,,NASDAQ,STOCK,YFINANCE,SP500
GEN,Gen Digital Inc,,NASDAQ,STOCK,YFINANCE,SP500
GILD,Gilead Sciences Inc,,NASDAQ,STOCK,YFINANCE,SP500
GIS,General Mills Inc,,NYSE,STOCK,YFINANCE,SP500
GL,Globe Life Inc,,NYSE,STOCK,YFINANCE,SP500
GLW,Corning Inc,,NYSE,STOCK,YFINANCE,SP500
GM,General Motors Company,,NYSE,STOCK,YFINANCE,SP500
GNRC,Generac Holdings Inc,,NYSE,STOCK,YFINANCE,SP500
GOOG,Alphabet Inc - Class C,,NASDAQ,STOCK,YFINANCE,SP500
GOOGL,Alphabet Inc - Class A,,NASDAQ,STOCK,YFINANCE,SP500
GPC,Genuine Parts Company,,NYSE,STOCK,YFINANCE,SP500
GPN,Global Payments Inc,,NYSE,STOCK,YFINANCE,SP500
GRMN,Garmin Ltd,,NYSE,STOCK,YFINANCE,SP500
GS,Goldman Sachs Group Inc,,NYSE,STOCK,YFINANCE,SP500
GWW,W.W. Grainger Inc,,NYSE,STOCK,YFINANCE,SP500
HAL,Halliburton Company,,NYSE,STOCK,YFINANCE,SP500
HAS,Hasbro Inc,,NASDAQ,STOCK,YFINANCE,SP500
HBAN,Huntington Bancshares Inc,,NASDAQ,STOCK,YFINANCE,SP500
HCA,HCA Healthcare Inc,,NYSE,STOCK,YFINANCE,SP500
HD,Home Depot Inc,,NYSE,STOCK,YFINANCE,SP500
HES,Hess Corporation,,NYSE,STOCK,YFINANCE,SP500
HIG,Hartford Financial Services Group Inc,,NYSE,STOCK,YFINANCE,SP500
HII,Huntington Ingalls Industries Inc,,NYSE,STOCK,YFINANCE,SP500
HLT,Hilton Worldwide Holdings Inc,,NYSE,STOCK,YFINANCE,SP500
HOLX,Hologic Inc,,NASDAQ,STOCK,YFINANCE,SP500
HON,Honeywell International Inc,,NASDAQ,STOCK,YFINANCE,SP500
HPE,Hewlett Packard Enterprise Company,,NYSE,STOCK,YFINANCE,SP500
HPQ,HP Inc,,NYSE,STOCK,YFINANCE,SP500
HRL,Hormel Foods Corp,,NYSE,STOCK,YFINANCE,SP500
HSIC,Henry Schein Inc,,NASDAQ,STOCK,YFINANCE,SP500
HST,Host Hotels & Resorts Inc,,NASDAQ,STOCK,YFINANCE,SP500
HSY,Hershey Company,,NYSE,STOCK,YFINANCE,SP500
HUM,Humana Inc,,NYSE,STOCK,YFINANCE,SP500
HWM,Howmet Aerospace Inc,,NYSE,STOCK,YFINANCE,SP500
IBM,International Business Machines Corp,,NYSE,STOCK,YFINANCE,SP500
ICE,Intercontinental Exchange Inc,,NYSE,STOCK,YFINANCE,SP500
IDXX,Idexx Laboratories Inc,,NASDAQ,STOCK,YFINANCE,SP500
IEX,Idex Corporation,,NYSE,STOCK,YFINANCE,SP500
IFF,International Flavors & Fragrances Inc,,NYSE,STOCK,YFINANCE,SP500
ILMN,Illumina Inc,,NASDAQ,STOCK,YFINANCE,SP500
INCY,Incyte Corp,,NASDAQ,STOCK,YFINANCE,SP500
INTC,Intel Corp,,NASDAQ,STOCK,YFINANCE,SP500
INTU,Intuit Inc,,NASDAQ,STOCK,YFINANCE,SP500
INVH,Invitation Homes Inc,,NYSE,STOCK,YFINANCE,SP500
IP,International Paper Company,,NYSE,STOCK,YFINANCE,SP500
IPG,Interpublic Group Of Cos. Inc,,NYSE,STOCK,YFINANCE,SP500
IQV,IQVIA Holdings Inc,,NYSE,STOCK,YFINANCE,SP500
IR,Ingersoll-Rand Inc,,NYSE,STOCK,YFINANCE,SP500
IRM,Iron Mountain Inc,,NYSE,STOCK,YFINANCE,SP500
ISRG,Intuitive Surgical Inc,,NASDAQ,STOCK,YFINANCE,SP500
IT,Gartner Inc,,NYSE,STOCK,YFINANCE,SP500
ITW,Illinois Tool Works Inc,,NYSE,STOCK,YFINANCE,SP500
IVZ,Invesco Ltd,,NYSE,STOCK,YFINANCE,SP500
J,Jacobs Solutions Inc,,NYSE,STOCK,YFINANCE,SP500
JBHT,J.B. Hunt Transport Services Inc,,NASDAQ,STOCK,YFINANCE,SP500
JCI,Johnson Controls International plc,,NYSE,STOCK,YFINANCE,SP500
JKHY,Jack Henry & Associates Inc,,NASDAQ,STOCK,YFINANCE,SP500
JNJ,Johnson & Johnson,,NYSE,STOCK,YFINANCE,SP500
JNPR,Juniper Networks Inc,,NYSE,STOCK,YFINANCE,SP500
JPM,JPMorgan Chase & Company,,NYSE,STOCK,YFINANCE,SP500
K,Kellanova Company,,NYSE,STOCK,YFINANCE,SP500
KDP,Keurig Dr Pepper Inc,,NASDAQ,STOCK,YFINANCE,SP500
KEY,Keycorp,,NYSE,STOCK,YFINANCE,SP500
KEYS,Keysight Technologies Inc,,NYSE,STOCK,YFINANCE,SP500
KHC,Kraft Heinz Company,,NASDAQ,STOCK,YFINANCE,SP500
KIM,Kimco Realty Corporation,,NYSE,STOCK,YFINANCE,SP500
KLAC,KLA Corp,,NASDAQ,STOCK,YFINANCE,SP500
KMB,Kimberly-Clark Corp,,NYSE,STOCK,YFINANCE,SP500
KMI,Kinder Morgan Inc - Class P,,NYSE,STOCK,YFINANCE,SP500
KMX,Carmax Inc,,NYSE,STOCK,YFINANCE,SP500
KO,Coca-Cola Company,,NYSE,STOCK,YFINANCE,SP500
KR,Kroger Company,,NYSE,STOCK,YFINANCE,SP500
L,Loews Corp,,NYSE,STOCK,YFINANCE,SP500
LDOS,Leidos Holdings Inc,,NYSE,STOCK,YFINANCE,SP500
LEN,Lennar Corp - Class A,,NYSE,STOCK,YFINANCE,SP500
LH,Laboratory Corp Of America Holdings,,NYSE,STOCK,YFINANCE,SP500
LHX,L3Harris Technologies Inc,,NYSE,STOCK,YFINANCE,SP500
LIN,Linde Plc.,,NASDAQ,STOCK,YFINANCE,SP500
LKQ,LKQ Corp,,NASDAQ,STOCK,YFINANCE,SP500
LLY,Lilly(Eli) & Company,,NYSE,STOCK,YFINANCE,SP500
LMT,Lockheed Martin Corp,,NYSE,STOCK,YFINANCE,SP500
LNC,Lincoln National Corp,,NYSE,STOCK,YFINANCE,SP500
LNT,Alliant Energy Corp,,NASDAQ,STOCK,YFINANCE,SP500
LOW,Lowe`s Cos. Inc,,NYSE,STOCK,YFINANCE,SP500
LRCX,Lam Research Corp,,NASDAQ,STOCK,YFINANCE,SP500
LUV,Southwest Airlines Company,,NYSE,STOCK,YFINANCE,SP500
LVS,Las Vegas Sands Corp,,NYSE,STOCK,YFINANCE,SP500
LW,Lamb Weston Holdings Inc,,NYSE,STOCK,YFINANCE,SP500
LYB,LyondellBasell Industries NV - Class A,,NYSE,STOCK,YFINANCE,SP500
LYV,Live Nation Entertainment Inc,,NYSE,STOCK,YFINANCE,SP500
MA,Mastercard Incorporated - Class A,,NYSE,STOCK,YFINANCE,SP500
MAA,Mid-America Apartment Communities Inc,,NYSE,STOCK,YFINANCE,SP500
MAR,Marriott International Inc - Class A,,NASDAQ,STOCK,YFINANCE,SP500
MAS,Masco Corp,,NYSE,STOCK,YFINANCE,SP500
MCD,McDonald`s Corp,,NYSE,STOCK,YFINANCE,SP500
MCHP,Microchip Technology Inc,,NASDAQ,STOCK,YFINANCE,SP500
MCK,Mckesson Corporation,,NYSE,STOCK,YFINANCE,SP500
MCO,Moody`s Corp,,NYSE,STOCK,YFINANCE,SP500
MDLZ,Mondelez International Inc - Class A,,NASDAQ,STOCK,YFINANCE,SP500
MDT,Medtronic Plc,,NYSE,STOCK,YFINANCE,SP500
MET,Metlife Inc,,NYSE,STOCK,YFINANCE,SP500
META,Meta Platforms Inc - Class A,,NASDAQ,STOCK,YFINANCE,SP500
MGM,MGM Resorts International,,NYSE,STOCK,YFINANCE,SP500
MHK,Mohawk Industries Inc,,NYSE,STOCK,YFINANCE,SP500
MKC,McCormick & Co. Inc (Non Voting),,NYSE,STOCK,YFINANCE,SP500
MKTX,MarketAxess Holdings Inc,,NASDAQ,STOCK,YFINANCE,SP500
MLM,Martin Marietta Materials Inc,,NYSE,STOCK,YFINANCE,SP500
MMC,Marsh & McLennan Cos. Inc,,NYSE,STOCK,YFINANCE,SP500
MMM,3M Company,,NYSE,STOCK,YFINANCE,SP500
MNST,Monster Beverage Corp,,NASDAQ,STOCK,YFINANCE,SP500
MO,Altria Group Inc,,NYSE,STOCK,YFINANCE,SP500
MOH,Molina Healthcare Inc,,NYSE,STOCK,YFINANCE,SP500
MOS,Mosaic Company,,NYSE,STOCK,YFINANCE,SP500
MPC,Marathon Petroleum Corp,,NYSE,STOCK,YFINANCE,SP500
MPWR,Monolithic Power System Inc,,NASDAQ,STOCK,YFINANCE,SP500
MRK,Merck & Co Inc,,NYSE,STOCK,YFINANCE,SP500
MRNA,Moderna Inc,,NASDAQ,STOCK,YFINANCE,SP500
MRO,Marathon Oil Corporation,,NYSE,STOCK,YFINANCE,SP500
MS,Morgan Stanley,,NYSE,STOCK,YFINANCE,SP500
MSCI,MSCI Inc,,NYSE,STOCK,YFINANCE,SP500
MSFT,Microsoft Corporation,,NASDAQ,STOCK,YFINANCE,SP500
MSI,Motorola Solutions Inc,,NYSE,STOCK,YFINANCE,SP500
MTB,M & T Bank Corp,,NYSE,STOCK,YFINANCE,SP500
MTCH,Match Group Inc - New,,NASDAQ,STOCK,YFINANCE,SP500
MTD,Mettler-Toledo International Inc,,NYSE,STOCK,YFINANCE,SP500
MU,Micron Technology Inc,,NASDAQ,STOCK,YFINANCE,SP500
NCLH,Norwegian Cruise Line Holdings Ltd,,NYSE,STOCK,YFINANCE,SP500
NDAQ,Nasdaq Inc - 144A,,NASDAQ,STOCK,YFINANCE,SP500
NDSN,Nordson Corp,,NASDAQ,STOCK,YFINANCE,SP500
NEE,NextEra Energy Inc,,NYSE,STOCK,YFINANCE,SP500
NEM,Newmont Corp,,NYSE,STOCK,YFINANCE,SP500
NFLX,Netflix Inc,,NASDAQ,STOCK,YFINANCE,SP500
NI,NiSource Inc,,NYSE,STOCK,YFINANCE,SP500
NKE,Nike Inc - Class B,,NYSE,STOCK,YFINANCE,SP500
NOC,Northrop Grumman Corp,,NYSE,STOCK,YFINANCE,SP500
NOW,ServiceNow Inc,,NYSE,STOCK,YFINANCE,SP500
NRG,NRG Energy Inc,,NYSE,STOCK,YFINANCE,SP500
NSC,Norfolk Southern Corp,,NYSE,STOCK,YFINANCE,SP500
NTAP,Netapp Inc,,NASDAQ,STOCK,YFINANCE,SP500
NTRS,Northern Trust Corp,,NASDAQ,STOCK,YFINANCE,SP500
NUE,Nucor Corp,,NYSE,STOCK,YFINANCE,SP500
NVDA,NVIDIA Corp,,NASDAQ,STOCK,YFINANCE,SP500
NVR,NVR Inc,,NYSE,STOCK,YFINANCE,SP500
NWL,Newell Brands Inc,,NASDAQ,STOCK,YFINANCE,SP500
NWS,News Corp - Class B,,NASDAQ,STOCK,YFINANCE,SP500
NWSA,News Corp - Class A,,NASDAQ,STOCK,YFINANCE,SP500
NXPI,NXP Semiconductors NV,,NASDAQ,STOCK,YFINANCE,SP500
O,Realty Income Corp,,NYSE,STOCK,YFINANCE,SP500
ODFL,Old Dominion Freight Line Inc,,NASDAQ,STOCK,YFINANCE,SP500
OGN,Organon & Company,,NYSE,STOCK,YFINANCE,SP500
OKE,Oneok Inc,,NYSE,STOCK,YFINANCE,SP500
OMC,Omnicom Group Inc,,NYSE,STOCK,YFINANCE,SP500
ON,ON Semiconductor Corp,,NASDAQ,STOCK,YFINANCE,SP500
ORCL,Oracle Corp,,NYSE,STOCK,YFINANCE,SP500
ORLY,O`Reilly Automotive Inc,,NASDAQ,STOCK,YFINANCE,SP500
OTIS,Otis Worldwide Corp,,NYSE,STOCK,YFINANCE,SP500
OXY,Occidental Petroleum Corp,,NYSE,STOCK,YFINANCE,SP500
PARA,Paramount Global - Class B,,NASDAQ,STOCK,YFINANCE,SP500
PAYC,Paycom Software Inc,,NYSE,STOCK,YFINANCE,SP500
PAYX,Paychex Inc,,NASDAQ,STOCK,YFINANCE,SP500
PCAR,Paccar Inc,,NASDAQ,STOCK,YFINANCE,SP500
PCG,PG&E Corp,,NYSE,STOCK,YFINANCE,SP500
PEAK,Healthpeak OP LLC,,NYSE,STOCK,YFINANCE,SP500
PEG,Public Service Enterprise Group Inc,,NYSE,STOCK,YFINANCE,SP500
PEP,PepsiCo Inc,,NASDAQ,STOCK,YFINANCE,SP500
PFE,Pfizer Inc,,NYSE,STOCK,YFINANCE,SP500
PFG,Principal Financial Group Inc,,NASDAQ,STOCK,YFINANCE,SP500
PG,Procter & Gamble Company,,NYSE,STOCK,YFINANCE,SP500
PGR,Progressive Corp,,NYSE,STOCK,YFINANCE,SP500
PH,Parker-Hannifin Corp,,NYSE,STOCK,YFINANCE,SP500
PHM,PulteGroup Inc,,NYSE,STOCK,YFINANCE,SP500
PKG,Packaging Corp Of America,,NYSE,STOCK,YFINANCE,SP500
PLD,Prologis Inc,,NYSE,STOCK,YFINANCE,SP500
PM,Philip Morris International Inc,,NYSE,STOCK,YFINANCE,SP500
PNC,PNC Financial Services Group Inc,,NYSE,STOCK,YFINANCE,SP500
PNR,Pentair plc,,NYSE,STOCK,YFINANCE,SP500
PNW,Pinnacle West Capital Corp,,NYSE,STOCK,YFINANCE,SP500
PODD,Insulet Corporation,,NASDAQ,STOCK,YFINANCE,SP500
POOL,Pool Corporation,,NASDAQ,STOCK,YFINANCE,SP500
PPG,PPG Industries Inc,,NYSE,STOCK,YFINANCE,SP500
PPL,PPL Corp,,NYSE,STOCK,YFINANCE,SP500
PRU,Prudential Financial Inc,,NYSE,STOCK,YFINANCE,SP500
PSA,Public Storage.,,NYSE,STOCK,YFINANCE,SP500
PSX,Phillips 66,,NYSE,STOCK,YFINANCE,SP500
PTC,PTC Inc,,NASDAQ,STOCK,YFINANCE,SP500
PWR,Quanta Services Inc,,NYSE,STOCK,YFINANCE,SP500
PXD,Pioneer Natural Resources Company,,NYSE,STOCK,YFINANCE,SP500
PYPL,PayPal Holdings Inc,,NASDAQ,STOCK,YFINANCE,SP500
QCOM,Qualcomm Inc,,NASDAQ,STOCK,YFINANCE,SP500
QRVO,Qorvo Inc,,NASDAQ,STOCK,YFINANCE,SP500
RCL,Royal Caribbean Group,,NYSE,STOCK,YFINANCE,SP500
REG,Regency Centers Corporation,,NASDAQ,STOCK,YFINANCE,SP500
REGN,Regeneron Pharmaceuticals Inc,,NASDAQ,STOCK,YFINANCE,SP500
RF,Regions Financial Corp,,NYSE,STOCK,YFINANCE,SP500
RHI,Robert Half Inc,,NYSE,STOCK,YFINANCE,SP500
RJF,Raymond James Financial Inc,,NYSE,STOCK,YFINANCE,SP500
RL,Ralph Lauren Corp - Class A,,NYSE,STOCK,YFINANCE,SP500
RMD,Resmed Inc,,NYSE,STOCK,YFINANCE,SP500
ROK,Rockwell Automation Inc,,NYSE,STOCK,YFINANCE,SP500
ROL,Rollins Inc,,NYSE,STOCK,YFINANCE,SP500
ROP,Roper Technologies Inc,,NASDAQ,STOCK,YFINANCE,SP500
ROST,Ross Stores Inc,,NASDAQ,STOCK,YFINANCE,SP500
RSG,Republic Services Inc,,NYSE,STOCK,YFINANCE,SP500
RTX,RTX Corp,,NYSE,STOCK,YFINANCE,SP500
RVTY,Revvity Inc,,NYSE,STOCK,YFINANCE,SP500
SBAC,SBA Communications Corp - Class A,,NASDAQ,STOCK,YFINANCE,SP500
SBUX,Starbucks Corp,,NASDAQ,STOCK,YFINANCE,SP500
SCHW,Charles Schwab Corp,,NYSE,STOCK,YFINANCE,SP500
SEDG,Solaredge Technologies Inc,,NASDAQ,STOCK,YFINANCE,SP500
SEE,Sealed Air Corp,,NYSE,STOCK,YFINANCE,SP500
SHW,Sherwin-Williams Company,,NYSE,STOCK,YFINANCE,SP500
SJM,J.M. Smucker Company,,NYSE,STOCK,YFINANCE,SP500
SLB,SLB,,NYSE,STOCK,YFINANCE,SP500
SNA,Snap-on Inc,,NYSE,STOCK,YFINANCE,SP500
SNPS,Synopsys Inc,,NASDAQ,STOCK,YFINANCE,SP500
SO,Southern Company,,NYSE,STOCK,YFINANCE,SP500
SPG,Simon Property Group Inc,,NYSE,STOCK,YFINANCE,SP500
SPGI,S&P Global Inc,,NYSE,STOCK,YFINANCE,SP500
SRE,Sempra,,NYSE,STOCK,YFINANCE,SP500
STE,Steris Plc,,NYSE,STOCK,YFINANCE,SP500
STLD,Steel Dynamics Inc,,NASDAQ,STOCK,YFINANCE,SP500
STT,State Street Corp,,NYSE,STOCK,YFINANCE,SP500
STX,Seagate Technology Holdings Plc,,NASDAQ,STOCK,YFINANCE,SP500
STZ,Constellation Brands Inc - Class A,,NYSE,STOCK,YFINANCE,SP500
SWK,Stanley Black & Decker Inc,,NYSE,STOCK,YFINANCE,SP500
SWKS,Skyworks Solutions Inc,,NASDAQ,STOCK,YFINANCE,SP500
SYF,Synchrony Financial,,NYSE,STOCK,YFINANCE,SP500
SYK,Stryker Corp,,NYSE,STOCK,YFINANCE,SP500
SYY,Sysco Corp,,NYSE,STOCK,YFINANCE,SP500
T,AT&T Inc,,NYSE,STOCK,YFINANCE,SP500
TAP,Molson Coors Beverage Company - Class B,,NYSE,STOCK,YFINANCE,SP500
TDG,Transdigm Group Incorporated,,NYSE,STOCK,YFINANCE,SP500
TDY,Teledyne Technologies Inc,,NYSE,STOCK,YFINANCE,SP500
TECH,Bio-Techne Corp,,NASDAQ,STOCK,YFINANCE,SP500
TEL,TE Connectivity Ltd,,NYSE,STOCK,YFINANCE,SP500
TER,Teradyne Inc,,NASDAQ,STOCK,YFINANCE,SP500
TFC,Truist Financial Corporation,,NYSE,STOCK,YFINANCE,SP500
TFX,Teleflex Incorporated,,NYSE,STOCK,YFINANCE,SP500
TGT,Target Corp,,NYSE,STOCK,YFINANCE,SP500
TJX,TJX Companies Inc,,NYSE,STOCK,YFINANCE,SP500
TMO,Thermo Fisher Scientific Inc,,NYSE,STOCK,YFINANCE,SP500
TMUS,T-Mobile US Inc,,NASDAQ,STOCK,YFINANCE,SP500
TPR,Tapestry Inc,,NYSE,STOCK,YFINANCE,SP500
TRGP,Targa Resources Corp,,NYSE,STOCK,YFINANCE,SP500
TRMB,Trimble Inc,,NASDAQ,STOCK,YFINANCE,SP500
TROW,T. Rowe Price Group Inc,,NASDAQ,STOCK,YFINANCE,SP500
TRV,Travelers Companies Inc,,NYSE,STOCK,YFINANCE,SP500
TSCO,Tractor Supply Company,,NASDAQ,STOCK,YFINANCE,SP500
TSLA,Tesla Inc,,NASDAQ,STOCK,YFINANCE,SP500
TSN,Tyson Foods Inc - Class A,,NYSE,STOCK,YFINANCE,SP500
TT,Trane Technologies plc - Class A,,NYSE,STOCK,YFINANCE,SP500
TTWO,Take-Two Interactive Software Inc,,NASDAQ,STOCK,YFINANCE,SP500
TXN,Texas Instruments Inc,,NASDAQ,STOCK,YFINANCE,SP500
TXT,Textron Inc,,NYSE,STOCK,YFINANCE,SP500
TYL,Tyler Technologies Inc,,NYSE,STOCK,YFINANCE,SP500
UAL,United Airlines Holdings Inc,,NASDAQ,STOCK,YFINANCE,SP500
UDR,UDR Inc,,NYSE,STOCK,YFINANCE,SP500
UHS,Universal Health Services Inc - Class B,,NYSE,STOCK,YFINANCE,SP500
ULTA,Ulta Beauty Inc,,NASDAQ,STOCK,YFINANCE,SP500
UNH,Unitedhealth Group Inc,,NYSE,STOCK,YFINANCE,SP500
UNP,Union Pacific Corp,,NYSE,STOCK,YFINANCE,SP500
UPS,United Parcel Service Inc - Class B,,NYSE,STOCK,YFINANCE,SP500
URI,United Rentals Inc,,NYSE,STOCK,YFINANCE,SP500
USB,U.S. Bancorp.,,NYSE,STOCK,YFINANCE,SP500
V,Visa Inc - Class A,,NYSE,STOCK,YFINANCE,SP500
VFC,VF Corp,,NYSE,STOCK,YFINANCE,SP500
VICI,VICI Properties Inc,,NYSE,STOCK,YFINANCE,SP500
VLO,Valero Energy Corp,,NYSE,STOCK,YFINANCE,SP500
VMC,Vulcan Materials Company,,NYSE,STOCK,YFINANCE,SP500
VRSK,Verisk Analytics Inc,,NASDAQ,STOCK,YFINANCE,SP500
VRSN,Verisign Inc,,NASDAQ,STOCK,YFINANCE,SP500
VRTX,Vertex Pharmaceuticals Inc,,NASDAQ,STOCK,YFINANCE,SP500
VTR,Ventas Inc,,NYSE,STOCK,YFINANCE,SP500
VTRS,Viatris Inc,,NASDAQ,STOCK,YFINANCE,SP500
VZ,Verizon Communications Inc,,NYSE,STOCK,YFINANCE,SP500
WAB,Westinghouse Air Brake Technologies Corp,,NYSE,STOCK,YFINANCE,SP500
WAT,Waters Corp,,NYSE,STOCK,YFINANCE,SP500
WBA,Walgreens Boots Alliance Inc,,NASDAQ,STOCK,YFINANCE,SP500
WBD,Warner Bros. Discovery Inc - Class A,,NASDAQ,STOCK,YFINANCE,SP500
WDC,Western Digital Corp,,NASDAQ,STOCK,YFINANCE,SP500
WEC,WEC Energy Group Inc,,NYSE,STOCK,YFINANCE,SP500
WELL,Welltower Inc,,NYSE,STOCK,YFINANCE,SP500
WFC,Wells Fargo & Company,,NYSE,STOCK,YFINANCE,SP500
WHR,Whirlpool Corp,,NYSE,STOCK,YFINANCE,SP500
WM,Waste Management Inc,,NYSE,STOCK,YFINANCE,SP500
WMB,Williams Cos Inc,,NYSE,STOCK,YFINANCE,SP500
WMT,Walmart Inc,,NYSE,STOCK,YFINANCE,SP500
WRB,W.R. Berkley Corp,,NYSE,STOCK,YFINANCE,SP500
WRK,WestRock Company,,NYSE,STOCK,YFINANCE,SP500
WST,West Pharmaceutical Services Inc,,NYSE,STOCK,YFINANCE,SP500
WTW,Willis Towers Watson Public Ltd Company,,NASDAQ,STOCK,YFINANCE,SP500
WY,Weyerhaeuser Company,,NYSE,STOCK,YFINANCE,SP500
WYNN,Wynn Resorts Ltd,,NASDAQ,STOCK,YFINANCE,SP500
XEL,Xcel Energy Inc,,NASDAQ,STOCK,YFINANCE,SP500
XOM,Exxon Mobil Corp,,NYSE,STOCK,YFINANCE,SP500
XRAY,DENTSPLY Sirona Inc,,NASDAQ,STOCK,YFINANCE,SP500
XYL,Xylem Inc,,NYSE,STOCK,YFINANCE,SP500
YUM,Yum Brands Inc,,NYSE,STOCK,YFINANCE,SP500
ZBH,Zimmer Biomet Holdings Inc,,NYSE,STOCK,YFINANCE,SP500
ZBRA,Zebra Technologies Corp - Class A,,NASDAQ,STOCK,YFINANCE,SP500
ZION,Zions Bancorporation N.A,,NASDAQ,STOCK,YFINANCE,SP500
ZTS,Zoetis Inc - Class A,,NYSE,STOCK,YFINANCE,SP500
VMID.L,Vanguard FTSE 250 UCITS ETF,,UK-EXCH-TODO,EQUITY_FUNDS,YFINANCE,SP500
VHYG.L,Vanguard FTSE All-World High Dividend Yield UCITS ETF,,UK-EXCH-TODO,EQUITY_FUNDS,YFINANCE,SP500
VUKE.L,Vanguard FTSE 100 UCITS ETF,,UK-EXCH-TODO,EQUITY_FUNDS,YFINANCE,SP500
VUSA.L,Vanguard S&P 500 UCITS ETF, ,UK-EXCH-TODO,EQUITY_FUNDS,YFINANCE,SP500
